step,timestamp,reward,balance,realized_pnl,unrealized_pnl,position,action,trade_pnl,trade_fee
0,2024-09-26 00:00:00,-10.0,100000.0,0.0,-10.0,1,1,0.0,0.0
1,2024-09-26 00:05:00,0.0,100000.0,0.0,23.24497955882847,1,1,0.0,0.0
2,2024-09-26 00:10:00,19.530616829147394,100019.53061682914,19.530616829147394,-10.001953061682915,-1,0,19.530616829147394,20.00395345702862
3,2024-09-26 00:15:00,-12.69695294357724,100019.53061682914,19.530616829147394,-12.69695294357724,-1,0,0.0,0.0
4,2024-09-26 00:20:00,-22.578619177183118,100019.53061682914,19.530616829147394,-22.578619177183118,-1,0,0.0,0.0
5,2024-09-26 00:25:00,-33.48025303277841,99986.05036379637,-13.949636203631012,-9.998605036379638,1,1,-33.48025303277841,20.00525362330678
6,2024-09-26 00:30:00,-6.406958562471333,99986.05036379637,-13.949636203631012,-6.406958562471333,1,1,0.0,0.0
7,2024-09-26 00:35:00,-2.8153120885630267,99986.05036379637,-13.949636203631012,-2.8153120885630267,1,1,0.0,0.0
8,2024-09-26 00:40:00,-32.56671565516251,99953.4836481412,-46.51635185879353,-9.995348364814122,-1,0,-32.56671565516251,19.995952996493408
9,2024-09-26 00:45:00,-20.768132663169556,99953.4836481412,-46.51635185879353,-20.768132663169556,-1,0,0.0,0.0
10,2024-09-26 00:50:00,-20.768132663169556,99953.4836481412,-46.51635185879353,-20.768132663169556,-1,0,0.0,0.0
11,2024-09-26 00:55:00,-23.461328737753433,99953.4836481412,-46.51635185879353,-23.461328737753433,-1,0,0.0,0.0
12,2024-09-26 01:00:00,-36.92730911067281,99953.4836481412,-46.51635185879353,-36.92730911067281,-1,0,0.0,0.0
13,2024-09-26 01:05:00,-25.256792787469372,99953.4836481412,-46.51635185879353,-25.256792787469372,-1,0,0.0,0.0
14,2024-09-26 01:10:00,-39.742776287057936,99913.74087185414,-86.25912814585146,-9.991374087185415,1,1,-39.742776287057936,19.99267174008294
15,2024-09-26 01:15:00,-9.09417629197439,99913.74087185414,-86.25912814585146,-9.09417629197439,1,1,0.0,0.0
16,2024-09-26 01:20:00,-29.729725582146713,99913.74087185414,-86.25912814585146,-29.729725582146713,1,1,0.0,0.0
17,2024-09-26 01:25:00,-22.552143220338984,99913.74087185414,-86.25912814585146,-22.552143220338984,1,1,0.0,0.0
18,2024-09-26 01:30:00,-43.187692510511305,99913.74087185414,-86.25912814585146,-43.187692510511305,1,1,0.0,0.0
19,2024-09-26 01:35:00,-24.346538810800872,99913.74087185414,-86.25912814585146,-24.346538810800872,1,1,0.0,0.0
20,2024-09-26 01:40:00,-19.085640098939326,99894.6552317552,-105.34476824479079,-9.98946552317552,-1,0,-19.085640098939326,19.98283789415035
21,2024-09-26 01:45:00,-13.57753894906581,99894.6552317552,-105.34476824479079,-13.57753894906581,-1,0,0.0,0.0
22,2024-09-26 01:50:00,-30.74422774604968,99863.91100400915,-136.08899599084046,-9.986391100400915,1,1,-30.74422774604968,19.98000746837881
23,2024-09-26 01:55:00,0.0,99863.91100400915,-136.08899599084046,0.7733568865538842,1,1,0.0,0.0
24,2024-09-26 02:00:00,0.0,99863.91100400915,-136.08899599084046,7.946522211203693,1,1,0.0,0.0
25,2024-09-26 02:05:00,-2.8132257757511088,99863.91100400915,-136.08899599084046,-2.8132257757511088,1,1,0.0,0.0
26,2024-09-26 02:10:00,-10.11066618964546,99853.8003378195,-146.19966218048592,-9.98538003378195,-1,0,-10.11066618964546,19.973768511033967
27,2024-09-26 02:15:00,-12.798312132063701,99841.00202568744,-158.99797431254962,-9.984100202568744,1,1,-12.798312132063701,19.97004289448766
28,2024-09-26 02:20:00,-9.21228617517466,99831.78973951227,-168.21026048772427,-9.983178973951228,-1,0,-9.21228617517466,19.969276104130383
29,2024-09-26 02:25:00,-22.53049072862814,99831.78973951227,-168.21026048772427,-22.53049072862814,-1,0,0.0,0.0
30,2024-09-26 02:30:00,-28.8041466059666,99831.78973951227,-168.21026048772427,-28.8041466059666,-1,0,0.0,0.0
31,2024-09-26 02:35:00,-39.685533854247595,99792.10420565802,-207.89579434197185,-9.979210420565803,1,1,-39.685533854247595,19.968329668321047
32,2024-09-26 02:40:00,-31.601400277258076,99760.50280538076,-239.49719461922993,-9.976050280538077,-1,0,-31.601400277258076,19.957256426746554
33,2024-09-26 02:45:00,-23.408913610365445,99760.50280538076,-239.49719461922993,-23.408913610365445,-1,0,0.0,0.0
34,2024-09-26 02:50:00,-9.204735268127983,99751.29807011264,-248.70192988735792,-9.975129807011264,1,1,-9.204735268127983,19.951025932009763
35,2024-09-26 02:55:00,0.0,99751.29807011264,-248.70192988735792,6.144555302226941,1,1,0.0,0.0
36,2024-09-26 03:00:00,7.808644128333388,99759.10671424097,-240.89328575902454,-9.975910671424097,-1,0,7.808644128333388,19.953035782013565
37,2024-09-26 03:05:00,-1.9176798610756318,99759.10671424097,-240.89328575902454,-1.9176798610756318,-1,0,0.0,0.0
38,2024-09-26 03:10:00,-34.27899758008271,99724.82771666089,-275.17228333910725,-9.97248277166609,1,1,-34.27899758008271,19.953253917214482
39,2024-09-26 03:15:00,0.0,99724.82771666089,-275.17228333910725,2.5564364812668305,1,1,0.0,0.0
40,2024-09-26 03:20:00,-3.708023145209566,99724.82771666089,-275.17228333910725,-3.708023145209566,1,1,0.0,0.0
41,2024-09-26 03:25:00,-16.23694239814249,99724.82771666089,-275.17228333910725,-16.23694239814249,1,1,0.0,0.0
42,2024-09-26 03:30:00,-18.921710809506546,99724.82771666089,-275.17228333910725,-18.921710809506546,1,1,0.0,0.0
43,2024-09-26 03:35:00,-39.63129839638107,99685.1964182645,-314.8035817354883,-9.96851964182645,-1,0,-39.63129839638107,19.942996713163858
44,2024-09-26 03:40:00,-12.778373076206233,99672.4180451883,-327.5819548116945,-9.96724180451883,1,1,-12.778373076206233,19.93632348861166
45,2024-09-26 03:45:00,-27.861108819200048,99672.4180451883,-327.5819548116945,-27.861108819200048,1,1,0.0,0.0
46,2024-09-26 03:50:00,-39.61576899980744,99632.8022761885,-367.197723811502,-9.963280227618851,-1,0,-39.61576899980744,19.932515283666046
47,2024-09-26 03:55:00,-36.029429680212814,99596.77284650828,-403.22715349171483,-9.959677284650827,1,1,-36.029429680212814,19.928170581147608
48,2024-09-26 04:00:00,-21.70726862980212,99575.06557787847,-424.93442212151695,-9.957506557787848,-1,0,-21.70726862980212,19.919175760014674
49,2024-09-26 04:05:00,-0.12496269382973502,99575.06557787847,-424.93442212151695,-0.12496269382973502,-1,0,0.0,0.0
50,2024-09-26 04:10:00,-10.081485997231185,99564.98409188124,-435.01590811874814,-9.956498409188123,1,1,-10.081485997231185,19.9140298611893
51,2024-09-26 04:15:00,0.0,99564.98409188124,-435.01590811874814,5.239213204932158,1,1,0.0,0.0
52,2024-09-26 04:20:00,-6.506356780463191,99558.47773510078,-441.52226489921134,-9.95584777351008,-1,0,-6.506356780463191,19.914337616459846
53,2024-09-26 04:25:00,-8.168474517470733,99558.47773510078,-441.52226489921134,-8.168474517470733,-1,0,0.0,0.0
54,2024-09-26 04:30:00,0.0,99558.47773510078,-441.52226489921134,0.7683917627855372,-1,0,0.0,0.0
55,2024-09-26 04:35:00,-34.97907335818,99558.47773510078,-441.52226489921134,-34.97907335818,-1,0,0.0,0.0
56,2024-09-26 04:40:00,-17.105340797707157,99558.47773510078,-441.52226489921134,-17.105340797707157,-1,0,0.0,0.0
57,2024-09-26 04:45:00,-43.14987146086376,99515.32786363992,-484.6721363600751,-9.951532786363993,1,1,-43.14987146086376,19.91401913225302
58,2024-09-26 04:50:00,-24.36807330555195,99490.95979033437,-509.04020966562706,-9.949095979033435,-1,0,-24.36807330555195,19.90261902730016
59,2024-09-26 04:55:00,-0.1270614108184347,99490.95979033437,-509.04020966562706,-0.1270614108184347,-1,0,0.0,0.0
60,2024-09-26 05:00:00,-10.075175186395052,99480.88461514797,-519.1153848520221,-9.948088461514798,1,1,-10.075175186395052,19.897209754610053
61,2024-09-26 05:05:00,-1.9118988092729357,99480.88461514797,-519.1153848520221,-1.9118988092729357,1,1,0.0,0.0
62,2024-09-26 05:10:00,0.0,99480.88461514797,-519.1153848520221,7.91011076570256,1,1,0.0,0.0
63,2024-09-26 05:15:00,0.0,99480.88461514797,-519.1153848520221,23.089580108839293,1,1,0.0,0.0
64,2024-09-26 05:20:00,20.28075324339325,99501.16536839136,-498.83463160862885,-9.950116536839136,-1,0,20.28075324339325,19.900195017855722
65,2024-09-26 05:25:00,-24.36433651647219,99476.80103187489,-523.198968125101,-9.947680103187489,1,1,-24.36433651647219,19.900679439385982
66,2024-09-26 05:30:00,-9.186757810738312,99467.61427406415,-532.3857259358393,-9.946761427406416,-1,0,-9.186757810738312,19.896431173711274
67,2024-09-26 05:35:00,-16.32398875589861,99451.29028530825,-548.709714691738,-9.945129028530824,1,1,-16.32398875589861,19.893165937094714
68,2024-09-26 05:40:00,-25.242801978629522,99426.04748332962,-573.9525166703675,-9.942604748332963,-1,0,-25.242801978629522,19.8897227491387
69,2024-09-26 05:45:00,-32.37447832995183,99393.67300499967,-606.3269950003192,-9.939367300499969,1,1,-32.37447832995183,19.886458298669055
70,2024-09-26 05:50:00,-20.770244438262445,99372.90276056141,-627.0972394385817,-9.93729027605614,-1,0,-20.770244438262445,19.87864544110022
71,2024-09-26 05:55:00,-13.63401182173735,99359.26874873968,-640.731251260319,-9.935926874873967,1,1,-13.63401182173735,19.873956557638692
72,2024-09-26 06:00:00,16.670019809924355,99375.9387685496,-624.0612314503946,-9.93759387685496,-1,0,16.670019809924355,19.875508302559183
73,2024-09-26 06:05:00,-0.1346567096285245,99375.9387685496,-624.0612314503946,-0.1346567096285245,-1,0,0.0,0.0
74,2024-09-26 06:10:00,0.0,99375.9387685496,-624.0612314503946,3.430047714819251,-1,0,0.0,0.0
75,2024-09-26 06:15:00,0.0,99375.9387685496,-624.0612314503946,13.232984882045686,-1,0,0.0,0.0
76,2024-09-26 06:20:00,-10.071270292766762,99365.86749825683,-634.1325017431614,-9.936586749825684,1,1,-10.071270292766762,19.874207459993197
77,2024-09-26 06:25:00,0.0,99365.86749825683,-634.1325017431614,3.431018743221774,1,1,0.0,0.0
78,2024-09-26 06:30:00,0.0,99365.86749825683,-634.1325017431614,15.90745053670767,1,1,0.0,0.0
79,2024-09-26 06:35:00,5.077194801001301,99370.94469305784,-629.0553069421601,-9.937094469305784,-1,0,5.077194801001301,19.875668786010067
80,2024-09-26 06:40:00,-20.765273525315997,99350.17941953252,-649.8205804674761,-9.935017941953253,1,1,-20.765273525315997,19.874278038160284
81,2024-09-26 06:45:00,0.0,99350.17941953252,-649.8205804674761,15.007418767310588,1,1,0.0,0.0
82,2024-09-26 06:50:00,-7.400064651110052,99342.77935488141,-657.2206451185862,-9.934277935488142,-1,0,-7.400064651110052,19.871283005741972
83,2024-09-26 06:55:00,-0.13742315390587123,99342.77935488141,-657.2206451185862,-0.13742315390587123,-1,0,0.0,0.0
84,2024-09-26 07:00:00,-27.7467411747538,99342.77935488141,-657.2206451185862,-27.7467411747538,-1,0,0.0,0.0
85,2024-09-26 07:05:00,-22.403002202978058,99342.77935488141,-657.2206451185862,-22.403002202978058,-1,0,0.0,0.0
86,2024-09-26 07:10:00,-29.527987498692234,99342.77935488141,-657.2206451185862,-29.527987498692234,-1,0,0.0,0.0
87,2024-09-26 07:15:00,-43.027073702258576,99299.75228117914,-700.2477188208447,-9.929975228117916,1,1,-43.027073702258576,19.87087149119739
88,2024-09-26 07:20:00,-29.64930095114035,99270.102980228,-729.8970197719851,-9.9270102980228,-1,0,-29.64930095114035,19.858971423283045
89,2024-09-26 07:25:00,0.0,99270.102980228,-729.8970197719851,51.472773721379845,-1,0,0.0,0.0
90,2024-09-26 07:30:00,0.0,99270.102980228,-729.8970197719851,31.89603099054837,-1,0,0.0,0.0
91,2024-09-26 07:35:00,63.80042658935445,99333.90340681735,-666.0965931826307,-9.933390340681735,1,1,63.80042658935445,19.845655987787886
92,2024-09-26 07:40:00,0.0,99333.90340681735,-666.0965931826307,11.454803890314773,1,1,0.0,0.0
93,2024-09-26 07:45:00,0.0,99333.90340681735,-666.0965931826307,3.4342310536787153,1,1,0.0,0.0
94,2024-09-26 07:50:00,9.539045509542543,99343.4424523269,-656.5575476730882,-9.93434424523269,-1,0,9.539045509542543,19.869721558070232
95,2024-09-26 07:55:00,0.0,99343.4424523269,-656.5575476730882,84.51129016598246,-1,0,0.0,0.0
96,2024-09-26 08:00:00,167.259298157427,99510.70175048432,-489.29824951566115,-9.951070175048432,1,1,167.259298157427,19.84997756289335
97,2024-09-26 08:05:00,0.0,99510.70175048432,-489.29824951566115,15.085992995080495,1,1,0.0,0.0
98,2024-09-26 08:10:00,11.391058979668028,99522.092809464,-477.90719053599315,-9.9522092809464,-1,0,11.391058979668028,19.905269982993133
99,2024-09-26 08:15:00,-59.244441026677265,99462.84836843732,-537.1516315626704,-9.946284836843734,1,1,-59.244441026677265,19.90835217077839
100,2024-09-26 08:20:00,-52.04156016460022,99410.80680827273,-589.1931917272707,-9.941080680827273,-1,0,-52.04156016460022,19.88935445311632
101,2024-09-26 08:25:00,15.838937313973808,99426.6457455867,-573.3542544132969,-9.94266457455867,1,1,15.838937313973808,19.87858960896225
102,2024-09-26 08:30:00,51.5796384713346,99478.22538405804,-521.7746159419622,-9.947822538405806,-1,0,51.5796384713346,19.892476360600533
103,2024-09-26 08:35:00,-66.34787643843298,99411.8775076196,-588.1224923803952,-9.94118775076196,1,1,-66.34787643843298,19.900289835471906
104,2024-09-26 08:40:00,-47.53813491991757,99364.33937269969,-635.6606273003127,-9.93643393726997,-1,0,-47.53813491991757,19.87960964899683
105,2024-09-26 08:45:00,0.0,99364.33937269969,-635.6606273003127,19.500622910217785,-1,0,0.0,0.0
106,2024-09-26 08:50:00,0.0,99364.33937269969,-635.6606273003127,28.420943167032853,-1,0,0.0,0.0
107,2024-09-26 08:55:00,0.0,99364.33937269969,-635.6606273003127,17.71655885886269,-1,0,0.0,0.0
108,2024-09-26 09:00:00,-60.910444403223245,99303.42892829646,-696.571071703536,-9.930342892829646,1,1,-60.910444403223245,19.876971221858078
109,2024-09-26 09:05:00,4.197072964179835,99307.62600126064,-692.3739987393561,-9.930762600126064,-1,0,4.197072964179835,19.863091802135926
110,2024-09-26 09:10:00,-24.316665728298368,99283.30933553234,-716.6906644676545,-9.928330933553234,1,1,-24.316665728298368,19.86197066975798
111,2024-09-26 09:15:00,-45.68382501679281,99237.62551051554,-762.3744894844474,-9.923762551051555,-1,0,-45.68382501679281,19.854078892494037
112,2024-09-26 09:20:00,-34.98758556192155,99202.63792495363,-797.362075046369,-9.920263792495362,1,1,-34.98758556192155,19.849038956763625
113,2024-09-26 09:25:00,0.0,99202.63792495363,-797.362075046369,16.78132639697933,1,1,0.0,0.0
114,2024-09-26 09:30:00,18.42792445866053,99221.06584941229,-778.9341505877085,-9.922106584941229,-1,0,18.42792445866053,19.84435481291788
115,2024-09-26 09:35:00,-6.494752906735405,99214.57109650556,-785.4289034944438,-9.921457109650555,1,1,-6.494752906735405,19.842878357337398
116,2024-09-26 09:40:00,-26.071846788469276,99188.49924971709,-811.5007502829131,-9.91884992497171,-1,0,-26.071846788469276,19.842291263748642
117,2024-09-26 09:45:00,-15.257400988838988,99188.49924971709,-811.5007502829131,-15.257400988838988,-1,0,0.0,0.0
118,2024-09-26 09:50:00,-35.85495460686441,99152.64429511022,-847.3557048897776,-9.915264429511023,1,1,-35.85495460686441,19.83930141526258
119,2024-09-26 09:55:00,-34.8154764574193,99152.64429511022,-847.3557048897776,-34.8154764574193,1,1,0.0,0.0
120,2024-09-26 10:00:00,-90.96687744958659,99061.67741766064,-938.3225823393642,-9.906167741766064,-1,0,-90.96687744958659,19.82341451272836
121,2024-09-26 10:05:00,-21.59074403499604,99040.08667362564,-959.9133263743603,-9.904008667362564,1,1,-21.59074403499604,19.812513306604966
122,2024-09-26 10:10:00,-0.12604681729864353,99040.08667362564,-959.9133263743603,-0.12604681729864353,1,1,0.0,0.0
123,2024-09-26 10:15:00,-4.57057493097124,99040.08667362564,-959.9133263743603,-4.57057493097124,1,1,0.0,0.0
124,2024-09-26 10:20:00,4.190034433874192,99044.27670805952,-955.7232919404861,-9.904427670805953,-1,0,4.190034433874192,19.810417379906507
125,2024-09-26 10:25:00,-55.36152477881211,98988.91518328071,-1011.0848167192983,-9.898891518328071,1,1,-55.36152477881211,19.81241025306448
126,2024-09-26 10:30:00,-50.871609741685546,98938.04357353902,-1061.9564264609837,-9.893804357353904,-1,0,-50.871609741685546,19.794675343216298
127,2024-09-26 10:35:00,-21.434356770594334,98938.04357353902,-1061.9564264609837,-21.434356770594334,-1,0,0.0,0.0
128,2024-09-26 10:40:00,-86.23899724495354,98938.04357353902,-1061.9564264609837,-86.23899724495354,-1,0,0.0,0.0
129,2024-09-26 10:45:00,-79.1371188368162,98938.04357353902,-1061.9564264609837,-79.1371188368162,-1,0,0.0,0.0
130,2024-09-26 10:50:00,-82.82308250412484,98855.2204910349,-1144.7795089651086,-9.88552204910349,1,1,-82.82308250412484,19.79391163179504
131,2024-09-26 10:55:00,0.0,98855.2204910349,-1144.7795089651086,6.070163147759077,1,1,0.0,0.0
132,2024-09-26 11:00:00,0.0,98855.2204910349,-1144.7795089651086,21.13942138923492,1,1,0.0,0.0
133,2024-09-26 11:05:00,12.137135158459095,98867.35762619335,-1132.6423738066494,-9.886735762619335,-1,0,12.137135158459095,19.77423523524635
134,2024-09-26 11:10:00,-56.999681114982124,98810.35794507837,-1189.6420549216316,-9.881035794507838,1,1,-56.999681114982124,19.77719377397277
135,2024-09-26 11:15:00,-52.518795624565456,98757.83914945381,-1242.160850546197,-9.875783914945382,-1,0,-52.518795624565456,19.75879558901212
136,2024-09-26 11:20:00,28.940857201354458,98786.78000665516,-1213.2199933448426,-9.878678000665516,1,1,28.940857201354458,19.7466990742632
137,2024-09-26 11:25:00,-29.36901636639583,98786.78000665516,-1213.2199933448426,-29.36901636639583,1,1,0.0,0.0
138,2024-09-26 11:30:00,-11.784833092839776,98774.99517356232,-1225.0048264376824,-9.877499517356231,-1,0,-11.784833092839776,19.758153333355082
139,2024-09-26 11:35:00,-48.101746815654366,98726.89342674667,-1273.1065732533368,-9.872689342674667,1,1,-48.101746815654366,19.757833426051423
140,2024-09-26 11:40:00,-25.055219511038008,98701.83820723563,-1298.161792764375,-9.870183820723563,-1,0,-25.055219511038008,19.744847648163045
141,2024-09-26 11:45:00,-7.215528940754985,98701.83820723563,-1298.161792764375,-7.215528940754985,-1,0,0.0,0.0
142,2024-09-26 11:50:00,-54.999316780228675,98701.83820723563,-1298.161792764375,-54.999316780228675,-1,0,0.0,0.0
143,2024-09-26 11:55:00,-10.005659708093253,98691.83254752753,-1308.167452472468,-9.869183254752754,1,1,-10.005659708093253,19.739394267991138
144,2024-09-26 12:00:00,0.0,98691.83254752753,-1308.167452472468,19.331939967201954,1,1,0.0,0.0
145,2024-09-26 12:05:00,-11.775220206883816,98680.05732732065,-1319.942672679352,-9.868005732732067,-1,0,-11.775220206883816,19.739162903775195
146,2024-09-26 12:10:00,-6.3291835226757875,98680.05732732065,-1319.942672679352,-6.3291835226757875,-1,0,0.0,0.0
147,2024-09-26 12:15:00,-63.090918595826494,98616.96640872482,-1383.0335912751784,-9.861696640872482,1,1,-63.090918595826494,19.740346522671448
148,2024-09-26 12:20:00,0.6008627683806047,98617.5672714932,-1382.4327285067977,-9.86175672714932,-1,0,0.6008627683806047,19.725425910612863
149,2024-09-26 12:25:00,-42.69875943800119,98574.8685120552,-1425.131487944799,-9.85748685120552,1,1,-42.69875943800119,19.725810749167522
150,2024-09-26 12:30:00,-146.72042437577574,98574.8685120552,-1425.131487944799,-146.72042437577574,1,1,0.0,0.0
151,2024-09-26 12:35:00,-168.9248024637573,98405.94370959143,-1594.0562904085562,-9.840594370959144,-1,0,-168.9248024637573,19.700051227287393
152,2024-09-26 12:40:00,0.0,98405.94370959143,-1594.0562904085562,61.66701259130556,-1,0,0.0,0.0
153,2024-09-26 12:45:00,-80.46539137074053,98405.94370959143,-1594.0562904085562,-80.46539137074053,-1,0,0.0,0.0
154,2024-09-26 12:50:00,-50.44985264583786,98405.94370959143,-1594.0562904085562,-50.44985264583786,-1,0,0.0,0.0
155,2024-09-26 12:55:00,-92.96174295187753,98312.98196663955,-1687.0180333604337,-9.831298196663955,1,1,-92.96174295187753,19.688516064607015
156,2024-09-26 13:00:00,-52.26816666308734,98260.71379997647,-1739.2862000235211,-9.826071379997648,-1,0,-52.26816666308734,19.65933551021262
157,2024-09-26 13:05:00,0.0,98260.71379997647,-1739.2862000235211,53.616258294026785,-1,0,0.0,0.0
158,2024-09-26 13:10:00,0.0,98260.71379997647,-1739.2862000235211,35.99338894013437,-1,0,0.0,0.0
159,2024-09-26 13:15:00,45.55899431109106,98306.27279428756,-1693.72720571243,-9.830627279428757,1,1,45.55899431109106,19.645622298334352
160,2024-09-26 13:20:00,-76.99445096640711,98229.27834332116,-1770.7216566788372,-9.822927834332116,-1,0,-76.99445096640711,19.655520665827456
161,2024-09-26 13:25:00,-91.97388239105497,98137.3044609301,-1862.6955390698922,-9.813730446093011,1,1,-91.97388239105497,19.653087748128527
162,2024-09-26 13:30:00,66.65162263335208,98203.95608356345,-1796.0439164365403,-9.820395608356344,-1,0,66.65162263335208,19.636089663415696
163,2024-09-26 13:35:00,-27.42661241131676,98203.95608356345,-1796.0439164365403,-27.42661241131676,-1,0,0.0,0.0
164,2024-09-26 13:40:00,0.0,98203.95608356345,-1796.0439164365403,79.9713100867535,-1,0,0.0,0.0
165,2024-09-26 13:45:00,84.2462755886949,98288.20235915214,-1711.7976408478453,-9.828820235915215,1,1,84.2462755886949,19.630403548798938
166,2024-09-26 13:50:00,-54.81076822777492,98288.20235915214,-1711.7976408478453,-54.81076822777492,1,1,0.0,0.0
167,2024-09-26 13:55:00,-47.87878544252355,98240.32357370963,-1759.676426290369,-9.824032357370964,-1,0,-47.87878544252355,19.654818075093687
168,2024-09-26 14:00:00,-10.705854912459307,98240.32357370963,-1759.676426290369,-10.705854912459307,-1,0,0.0,0.0
169,2024-09-26 14:05:00,83.53549155611398,98323.85906526574,-1676.1409347342549,-9.832385906526575,1,1,83.53549155611398,19.63774739084723
170,2024-09-26 00:00:00,-20.0,99980.0,-20.0,-9.998,-1,0,-20.0,20.0
171,2024-09-26 00:05:00,-43.2363305629167,99980.0,-20.0,-43.2363305629167,-1,0,0.0,0.0
172,2024-09-26 00:10:00,-59.526616038455984,99920.47338396155,-79.52661603845598,-9.992047338396155,1,1,-59.526616038455984,19.99995266633721
173,2024-09-26 00:15:00,-7.299716527524585,99920.47338396155,-79.52661603845598,-7.299716527524585,1,1,0.0,0.0
174,2024-09-26 00:20:00,-7.421140647110034,99913.05224331444,-86.94775668556602,-9.991305224331445,-1,0,-7.421140647110034,19.985351097837384
175,2024-09-26 00:25:00,-20.879964301268505,99892.17227901316,-107.82772098683452,-9.989217227901317,1,1,-20.879964301268505,19.982700175075507
176,2024-09-26 00:30:00,-6.40094299333002,99892.17227901316,-107.82772098683452,-6.40094299333002,1,1,0.0,0.0
177,2024-09-26 00:35:00,-2.812668758758722,99892.17227901316,-107.82772098683452,-2.812668758758722,1,1,0.0,0.0
178,2024-09-26 00:40:00,-32.536138380810115,99859.63614063236,-140.36385936764464,-9.985963614063236,-1,0,-32.536138380810115,19.977178559820537
179,2024-09-26 00:45:00,-30.735673098902076,99828.90046753346,-171.09953246654672,-9.982890046753347,1,1,-30.735673098902076,19.973003495086854
180,2024-09-26 00:50:00,-9.982890046753347,99828.90046753346,-171.09953246654672,-9.982890046753347,1,1,0.0,0.0
181,2024-09-26 00:55:00,-17.276499678855807,99811.6239678546,-188.37603214540252,-9.98116239678546,-1,0,-17.276499678855807,19.96604904844365
182,2024-09-26 01:00:00,-23.42621973158449,99811.6239678546,-188.37603214540252,-23.42621973158449,-1,0,0.0,0.0
183,2024-09-26 01:05:00,-11.773836708085364,99811.6239678546,-188.37603214540252,-11.773836708085364,-1,0,0.0,0.0
184,2024-09-26 01:10:00,-16.255522486364974,99811.6239678546,-188.37603214540252,-16.255522486364974,-1,0,0.0,0.0
185,2024-09-26 01:15:00,-17.151859642004975,99811.6239678546,-188.37603214540252,-17.151859642004975,-1,0,0.0,0.0
186,2024-09-26 01:20:00,0.0,99811.6239678546,-188.37603214540252,3.463894938033471,-1,0,0.0,0.0
187,2024-09-26 01:25:00,-3.7068023072059457,99811.6239678546,-188.37603214540252,-3.7068023072059457,-1,0,0.0,0.0
188,2024-09-26 01:30:00,6.930478887514003,99818.55444674211,-181.44555325788852,-9.981855444674212,1,1,6.930478887514003,19.95963578210396
189,2024-09-26 01:35:00,0.0,99818.55444674211,-181.44555325788852,8.847604635090457,1,1,0.0,0.0
190,2024-09-26 01:40:00,14.105238209843627,99832.65968495196,-167.34031504804489,-9.983265968495196,-1,0,14.105238209843627,19.96711812498191
191,2024-09-26 01:45:00,-23.552737155995636,99809.10694779595,-190.89305220404052,-9.980910694779594,1,1,-23.552737155995636,19.966890521653823
192,2024-09-26 01:50:00,-2.811166914457181,99809.10694779595,-190.89305220404052,-2.811166914457181,1,1,0.0,0.0
193,2024-09-26 01:55:00,0.0,99809.10694779595,-190.89305220404052,7.943448756006537,1,1,0.0,0.0
194,2024-09-26 02:00:00,5.129772431226247,99814.23672022719,-185.76327977281426,-9.981423672022718,-1,0,5.129772431226247,19.964330799882298
195,2024-09-26 02:05:00,0.0,99814.23672022719,-185.76327977281426,0.7710413456325433,-1,0,0.0,0.0
196,2024-09-26 02:10:00,-11.897692145927666,99802.33902808126,-197.66097191874192,-9.980233902808127,1,1,-11.897692145927666,19.96204090916911
197,2024-09-26 02:15:00,-27.127785694347565,99775.21124238691,-224.7887576130895,-9.977521124238692,-1,0,-27.127785694347565,19.959751002147033
198,2024-09-26 02:20:00,-30.70601878927642,99744.50522359763,-255.49477640236591,-9.974450522359763,1,1,-30.70601878927642,19.956117238632444
199,2024-09-26 02:25:00,-7.4138132377050425,99737.09141035992,-262.90858964007094,-9.973709141035993,-1,0,-7.4138132377050425,19.95015467886364
200,2024-09-26 02:30:00,-16.240626306242486,99737.09141035992,-262.90858964007094,-16.240626306242486,-1,0,0.0,0.0
201,2024-09-26 02:35:00,-17.13590018699195,99737.09141035992,-262.90858964007094,-17.13590018699195,-1,0,0.0,0.0
202,2024-09-26 02:40:00,-5.497339737328429,99737.09141035992,-262.90858964007094,-5.497339737328429,-1,0,0.0,0.0
203,2024-09-26 02:45:00,-28.901052363387734,99708.19035799653,-291.8096420034587,-9.970819035799654,1,1,-28.901052363387734,19.94831355595273
204,2024-09-26 02:50:00,-34.13404035148558,99708.19035799653,-291.8096420034587,-34.13404035148558,1,1,0.0,0.0
205,2024-09-26 02:55:00,-27.995239736110804,99680.19511826042,-319.8048817395695,-9.968019511826043,-1,0,-27.995239736110804,19.940832630888785
206,2024-09-26 03:00:00,-21.599836185557216,99680.19511826042,-319.8048817395695,-21.599836185557216,-1,0,0.0,0.0
207,2024-09-26 03:05:00,-13.547040026824835,99680.19511826042,-319.8048817395695,-13.547040026824835,-1,0,0.0,0.0
208,2024-09-26 03:10:00,-45.886532547251804,99634.30858571317,-365.6914142868213,-9.963430858571318,1,1,-45.886532547251804,19.938633813525456
209,2024-09-26 03:15:00,0.0,99634.30858571317,-365.6914142868213,2.5541160319473803,1,1,0.0,0.0
210,2024-09-26 03:20:00,-13.668714149237738,99620.63987156392,-379.3601284360591,-9.962063987156393,-1,0,-13.668714149237738,19.92748759448716
211,2024-09-26 03:25:00,0.0,99620.63987156392,-379.3601284360591,2.5529794726113035,-1,0,0.0,0.0
212,2024-09-26 03:30:00,0.0,99620.63987156392,-379.3601284360591,5.234774499725647,-1,0,0.0,0.0
213,2024-09-26 03:35:00,6.002483022806764,99626.64235458673,-373.3576454132523,-9.962664235458675,1,1,6.002483022806764,19.92153557245326
214,2024-09-26 03:40:00,-27.078359001951775,99599.56399558477,-400.4360044152041,-9.959956399558477,-1,0,-27.078359001951775,19.924613096326787
215,2024-09-26 03:45:00,-2.037336957679777,99597.52665862709,-402.47334137288385,-9.95975266586271,1,1,-2.037336957679777,19.91812472034069
216,2024-09-26 03:50:00,-11.748115925544063,99597.52665862709,-402.47334137288385,-11.748115925544063,1,1,0.0,0.0
217,2024-09-26 03:55:00,0.0,99597.52665862709,-402.47334137288385,4.34715341166752,1,1,0.0,0.0
218,2024-09-26 04:00:00,0.0,99597.52665862709,-402.47334137288385,2.5587901519663134,1,1,0.0,0.0
219,2024-09-26 04:05:00,-17.237228696682422,99580.2894299304,-419.7105700695663,-9.95802894299304,-1,0,-17.237228696682422,19.919773586214376
220,2024-09-26 04:10:00,-9.95802894299304,99580.2894299304,-419.7105700695663,-9.95802894299304,-1,0,0.0,0.0
221,2024-09-26 04:15:00,-25.156076473753828,99580.2894299304,-419.7105700695663,-25.156076473753828,-1,0,0.0,0.0
222,2024-09-26 04:20:00,-23.36807088190779,99580.2894299304,-419.7105700695663,-23.36807088190779,-1,0,0.0,0.0
223,2024-09-26 04:25:00,-21.580065290061754,99580.2894299304,-419.7105700695663,-21.580065290061754,-1,0,0.0,0.0
224,2024-09-26 04:30:00,-12.64003733077202,99580.2894299304,-419.7105700695663,-12.64003733077202,-1,0,0.0,0.0
225,2024-09-26 04:35:00,-58.36202232288693,99521.92740760751,-478.0725923924532,-9.95219274076075,1,1,-58.36202232288693,19.91990209800857
226,2024-09-26 04:40:00,-27.81487377954681,99521.92740760751,-478.0725923924532,-27.81487377954681,1,1,0.0,0.0
227,2024-09-26 04:45:00,-11.738460844651255,99521.92740760751,-478.0725923924532,-11.738460844651255,1,1,0.0,0.0
228,2024-09-26 04:50:00,-16.204131104337854,99521.92740760751,-478.0725923924532,-16.204131104337854,1,1,0.0,0.0
229,2024-09-26 04:55:00,-26.028605675676136,99521.92740760751,-478.0725923924532,-26.028605675676136,1,1,0.0,0.0
230,2024-09-26 05:00:00,-26.028605675676136,99521.92740760751,-478.0725923924532,-26.028605675676136,1,1,0.0,0.0
231,2024-09-26 05:05:00,-17.99039920822836,99521.92740760751,-478.0725923924532,-17.99039920822836,1,1,0.0,0.0
232,2024-09-26 05:10:00,-18.118296004461218,99503.80911160304,-496.19088839691443,-9.950380911160304,-1,0,-18.118296004461218,19.90456410833189
233,2024-09-26 05:15:00,-35.082522100990786,99468.72658950205,-531.2734104979052,-9.946872658950205,1,1,-35.082522100990786,19.90227984654605
234,2024-09-26 05:20:00,-12.754423854849685,99455.97216564721,-544.0278343527549,-9.945597216564721,-1,0,-12.754423854849685,19.894459321447073
235,2024-09-26 05:25:00,-24.353270290304494,99431.6188953569,-568.3811046430594,-9.943161889535691,1,1,-24.353270290304494,19.891640596098863
236,2024-09-26 05:30:00,-9.182585206259105,99422.43631015065,-577.5636898493185,-9.942243631015064,-1,0,-9.182585206259105,19.88739425997675
237,2024-09-26 05:35:00,-6.374687561967571,99422.43631015065,-577.5636898493185,-6.374687561967571,-1,0,0.0,0.0
238,2024-09-26 05:40:00,-10.964705200404035,99411.47160495025,-588.5283950497226,-9.941147160495026,1,1,-10.964705200404035,19.883595373012867
239,2024-09-26 05:45:00,0.0,99411.47160495025,-588.5283950497226,2.5450421245619577,1,1,0.0,0.0
240,2024-09-26 05:50:00,0.0,99411.47160495025,-588.5283950497226,1.6531714613379425,1,1,0.0,0.0
241,2024-09-26 05:55:00,-14.531605464083505,99396.93999948616,-603.0600005138061,-9.939693999948616,-1,0,-14.531605464083505,19.882829443387983
242,2024-09-26 06:00:00,-56.44242798763513,99340.49757149852,-659.5024285014413,-9.934049757149852,1,1,-56.44242798763513,19.883043938302166
243,2024-09-26 06:05:00,-19.733490828317944,99340.49757149852,-659.5024285014413,-19.733490828317944,1,1,0.0,0.0
244,2024-09-26 06:10:00,-33.229637414839196,99307.26793408368,-692.7320659162805,-9.930726793408368,-1,0,-33.229637414839196,19.86676322688091
245,2024-09-26 06:15:00,-0.13324574229028663,99307.26793408368,-692.7320659162805,-0.13324574229028663,-1,0,0.0,0.0
246,2024-09-26 06:20:00,-13.493447175634923,99307.26793408368,-692.7320659162805,-13.493447175634923,-1,0,0.0,0.0
247,2024-09-26 06:25:00,-36.78606769456949,99270.4818663891,-729.51813361085,-9.927048186638912,1,1,-36.78606769456949,19.863145878998296
248,2024-09-26 06:30:00,-7.392564135884484,99263.08930225323,-736.9106977467345,-9.926308930225323,-1,0,-7.392564135884484,19.855342651129348
249,2024-09-26 06:35:00,-9.036288493381996,99263.08930225323,-736.9106977467345,-9.036288493381996,-1,0,0.0,0.0
250,2024-09-26 06:40:00,-9.926308930225323,99263.08930225323,-736.9106977467345,-9.926308930225323,-1,0,0.0,0.0
251,2024-09-26 06:45:00,-44.775682149682254,99218.31362010354,-781.6863798964167,-9.921831362010353,1,1,-44.775682149682254,19.855109917673847
252,2024-09-26 06:50:00,-32.293957058241496,99186.0196630453,-813.9803369546582,-9.91860196630453,-1,0,-32.293957058241496,19.842417570071888
253,2024-09-26 06:55:00,-0.13720630461498828,99186.0196630453,-813.9803369546582,-0.13720630461498828,-1,0,0.0,0.0
254,2024-09-26 07:00:00,-27.702957714856097,99186.0196630453,-813.9803369546582,-27.702957714856097,-1,0,0.0,0.0
